exp_id,method,gpu,dtype,batch,img_size,input_size,k,fused_bn,p50_ms,p95_ms,p99_ms,mean_ms,images_per_s,warmup,iterations,torch,preprocessing_included,transfer_included,timing_scope,source_path
I00,1 view FP32,Tesla T4,fp32,1,224,224,1,False,8.170875500013608,9.390229150073992,9.759574999982307,8.15660145000038,122.60008118944604,10,100,2.8.0+cu128,False,False,normalized GPU input; tensor TTA + model + softmax/aggregation/T,step3/I00/latency_batch1.json
I00,1 view FP32,Tesla T4,fp32,32,224,224,1,False,111.22459650005112,112.0663408500377,112.45865352001147,111.14171505998456,287.92069640754784,10,100,2.8.0+cu128,False,False,normalized GPU input; tensor TTA + model + softmax/aggregation/T,step3/I00/latency_batch32.json
I01,Hflip TTA / probability,Tesla T4,fp32,1,224,224,2,False,15.592512500006706,18.862193050108544,20.782552349951416,15.899964079999336,62.89322384431712,10,100,2.8.0+cu128,False,False,normalized GPU input; tensor TTA + model + softmax/aggregation/T,step3/I01/latency_batch1.json
I01,Hflip TTA / probability,Tesla T4,fp32,32,224,224,2,False,225.82709200003137,227.34254434993773,227.93199235995644,225.83653031000037,141.69541108373554,10,100,2.8.0+cu128,False,False,normalized GPU input; tensor TTA + model + softmax/aggregation/T,step3/I01/latency_batch32.json
I02,5 crops / probability,Tesla T4,fp32,1,224,256,5,False,25.5043319999686,42.252744699828774,44.45592407001868,29.357443929995952,34.062911007666116,10,100,2.8.0+cu128,False,False,normalized GPU input; tensor TTA + model + softmax/aggregation/T,step3/I02/latency_batch1.json
I02,5 crops / probability,Tesla T4,fp32,32,224,256,5,False,571.2320369998451,573.4608021998611,573.6716340500766,571.2415896500191,56.018330212275586,10,100,2.8.0+cu128,False,False,normalized GPU input; tensor TTA + model + softmax/aggregation/T,step3/I02/latency_batch32.json
I03,Hflip TTA / logits,Tesla T4,fp32,1,224,224,2,False,14.315858999907505,16.35914885002876,17.28591950009104,13.603611519984042,73.50989099703231,10,100,2.8.0+cu128,False,False,normalized GPU input; tensor TTA + model + softmax/aggregation/T,step3/I03/latency_batch1.json
I03,Hflip TTA / logits,Tesla T4,fp32,32,224,224,2,False,228.59176900010425,230.371583150054,230.73990807982227,228.57000725001853,140.00087056477707,10,100,2.8.0+cu128,False,False,normalized GPU input; tensor TTA + model + softmax/aggregation/T,step3/I03/latency_batch32.json
I04,Resolution 256,Tesla T4,fp32,1,256,256,1,False,5.762696499687081,9.138116349868142,9.336611160060794,6.896288039979481,145.0055441714084,10,100,2.8.0+cu128,False,False,normalized GPU input; tensor TTA + model + softmax/aggregation/T,step3/I04/latency_batch1.json
I04,Resolution 256,Tesla T4,fp32,32,256,256,1,False,145.80802249975022,147.3497600499968,148.0081490100656,145.81512899998415,219.4559660541361,10,100,2.8.0+cu128,False,False,normalized GPU input; tensor TTA + model + softmax/aggregation/T,step3/I04/latency_batch32.json
I09,Resolution 288,Tesla T4,fp32,1,288,288,1,False,8.536347499784824,9.068122750227303,9.182092810183349,7.908351769988258,126.44859878324365,10,100,2.8.0+cu128,False,False,normalized GPU input; tensor TTA + model + softmax/aggregation/T,step3/I09/latency_batch1.json
I09,Resolution 288,Tesla T4,fp32,32,288,288,1,False,190.2043625002534,192.74151690005965,193.54442563013436,190.16467596003167,168.27520588905628,10,100,2.8.0+cu128,False,False,normalized GPU input; tensor TTA + model + softmax/aggregation/T,step3/I09/latency_batch32.json
I10,Resolution 320,Tesla T4,fp32,1,320,320,1,False,8.566771000005247,9.153301400033342,9.224600080315213,8.667125530018893,115.37850658058025,10,100,2.8.0+cu128,False,False,normalized GPU input; tensor TTA + model + softmax/aggregation/T,step3/I10/latency_batch1.json
I10,Resolution 320,Tesla T4,fp32,32,320,320,1,False,226.53145599997515,229.26256739986002,229.99557527973593,226.75324385000295,141.12256767170206,10,100,2.8.0+cu128,False,False,normalized GPU input; tensor TTA + model + softmax/aggregation/T,step3/I10/latency_batch32.json
I07,1 view + temperature,Tesla T4,fp32,1,224,224,1,False,5.06399899995813,7.490706349949504,8.596570879622051,5.366366360003667,186.34583122262205,10,100,2.8.0+cu128,False,False,normalized GPU input; tensor TTA + model + softmax/aggregation/T,step3/I07/latency_batch1.json
I07,1 view + temperature,Tesla T4,fp32,32,224,224,1,False,113.99357300001611,115.24236010031927,115.59245574032502,114.00108302998888,280.69908767079124,10,100,2.8.0+cu128,False,False,normalized GPU input; tensor TTA + model + softmax/aggregation/T,step3/I07/latency_batch32.json
I08,1 view AMP FP16,Tesla T4,amp,1,224,224,1,False,7.083049499897243,10.559240600014162,11.857329199942797,7.568062009950154,132.1342238852224,10,100,2.8.0+cu128,False,False,normalized GPU input; tensor TTA + model + softmax/aggregation/T,step3/I08/latency_batch1.json
I08,1 view AMP FP16,Tesla T4,amp,32,224,224,1,False,44.336849000274015,44.857776350272616,45.68571830006932,44.385808240058395,720.9511613921644,10,100,2.8.0+cu128,False,False,normalized GPU input; tensor TTA + model + softmax/aggregation/T,step3/I08/latency_batch32.json
