epoch,train_loss,lr,train_images_seen,val_loss,val_macro_f1,val_top1,val_balanced_acc,val_ece,train_seconds,epoch_seconds
1,1.2785291168384436,9.969512195121952e-05,10496,0.784968693693581,0.8164200629735696,0.87146529562982,0.8071410003226703,0.12172133429776702,60.638109314000076,77.01455617800002
2,0.7392157354369396,9.70209232285575e-05,10496,0.6480705879375411,0.9179217116547203,0.937160811196801,0.9280229908010976,0.1082895324865663,46.84098807500004,59.39081368300003
3,0.6530752045715728,8.83705424183074e-05,10496,0.601899657920918,0.9432732185166837,0.9554413024850043,0.9336636212576249,0.08785113895483516,46.85498247600003,59.52768713799992
4,0.6192050127357971,7.50921079035148e-05,10496,0.6101273411650278,0.9353086825484923,0.951728077692088,0.9236641655369746,0.08791352613054638,47.61441678699998,60.238240915000006
5,0.5866421399320044,5.878719485548585e-05,10496,0.6032687091752482,0.9349304758768271,0.9491573836046844,0.9480435332101256,0.09268493211802867,47.27603305600019,59.882585909
6,0.5698163537535725,4.142241642270108e-05,10496,0.5719123012642968,0.9556487985255215,0.9665809768637532,0.9570540247231231,0.0948423061026212,46.58400936599992,59.20290171700003
7,0.5598039589822292,2.5092221160989803e-05,10496,0.569645269551777,0.9590219694692621,0.9700085689802913,0.9559599191472756,0.09412708972167863,46.922801647999904,59.51505772399992
8,0.5454145291956459,1.1766271626928338e-05,10496,0.5690085394353194,0.9572628517764235,0.9688660382747787,0.9594923020481746,0.08986845074834687,47.222922717999836,59.847145489999775
9,0.5369150196088524,3.05187400439369e-06,10496,0.5653563381365047,0.9613455251637887,0.9714367323621822,0.9598625669619975,0.09124958664607842,47.3751655369997,60.130532743
10,0.5301498477233619,2.548291985149387e-10,10496,0.5641063161660385,0.9603693526444612,0.9705798343330477,0.9615232155456186,0.09025965820634446,47.14300346400023,59.77240375700012
