exp_id,label,species,support,f1,delta_f1_pp
T00,0,Chinee Apple,225,0.9303370786516855,0.0
T00,1,Lantana,213,0.9603729603729604,0.0
T00,2,Parkinsonia,206,0.975609756097561,0.0
T00,3,Parthenium,204,0.9827160493827161,0.0
T00,4,Prickly Acacia,212,0.9579439252336448,0.0
T00,5,Rubber Vine,202,0.9798994974874372,0.0
T00,6,Siam Weed,215,0.9699769053117783,0.0
T00,7,Snake Weed,203,0.9238329238329237,0.0
T00,8,Negatives,1821,0.9865642994241843,0.0
T01,0,Chinee Apple,225,0.29042904290429045,-63.990803574739495
T01,1,Lantana,213,0.14559386973180075,-81.47790906411596
T01,2,Parkinsonia,206,0.4942263279445728,-48.13834281529882
T01,3,Parthenium,204,0.29268292682926833,-69.00331225534477
T01,4,Prickly Acacia,212,0.5752895752895753,-38.26543499440695
T01,5,Rubber Vine,202,0.0982142857142857,-88.16852117731516
T01,6,Siam Weed,215,0.10833333333333332,-86.1643571978445
T01,7,Snake Weed,203,0.2734375,-65.03954238329237
T01,8,Negatives,1821,0.7461139896373058,-24.045030978687855
T02,0,Chinee Apple,225,0.6501240694789082,-28.021300917277724
T02,1,Lantana,213,0.748091603053435,-21.228135731952534
T02,2,Parkinsonia,206,0.796875,-17.873475609756095
T02,3,Parthenium,204,0.543046357615894,-43.966969176682206
T02,4,Prickly Acacia,212,0.757238307349666,-20.070561788397878
T02,5,Rubber Vine,202,0.75,-22.989949748743722
T02,6,Siam Weed,215,0.7418546365914788,-22.81222687202995
T02,7,Snake Weed,203,0.6065573770491802,-31.727554678374347
T02,8,Negatives,1821,0.8438925494171313,-14.2671750007053
T03,0,Chinee Apple,225,0.9044289044289044,-2.590817422278102
T03,1,Lantana,213,0.9552941176470588,-0.5078842725901533
T03,2,Parkinsonia,206,0.966183574879227,-0.942618121833394
T03,3,Parthenium,204,0.9800995024875622,-0.2616546895153893
T03,4,Prickly Acacia,212,0.9594272076372315,0.14832824035867498
T03,5,Rubber Vine,202,0.9701492537313433,-0.9750243756093901
T03,6,Siam Weed,215,0.9698375870069605,-0.0139318304817726
T03,7,Snake Weed,203,0.9144254278728607,-0.9407495960062962
T03,8,Negatives,1821,0.98065922092073,-0.5905078503454342
T04,0,Chinee Apple,225,0.9265033407572383,-0.38337378944471867
T04,1,Lantana,213,0.9607390300230947,0.036606965013430415
T04,2,Parkinsonia,206,0.9734939759036145,-0.2115780193946426
T04,3,Parthenium,204,0.9826302729528535,-0.008577642986251632
T04,4,Prickly Acacia,212,0.9624413145539905,0.44973893203457127
T04,5,Rubber Vine,202,0.985,0.5100502512562777
T04,6,Siam Weed,215,0.9769585253456221,0.6981620033843838
T04,7,Snake Weed,203,0.9166666666666666,-0.7166257166257073
T04,8,Negatives,1821,0.9829389102916894,-0.3625389132494883
T05,0,Chinee Apple,225,0.9345372460496613,0.4200167397975796
T05,1,Lantana,213,0.9694117647058824,0.9038804332922035
T05,2,Parkinsonia,206,0.9711538461538461,-0.44559099437148086
T05,3,Parthenium,204,0.9901477832512315,0.7431733868515478
T05,4,Prickly Acacia,212,0.9575471698113207,-0.0396755422324091
T05,5,Rubber Vine,202,0.9800995024875623,0.020000500012506972
T05,6,Siam Weed,215,0.9726027397260273,0.26258344142490175
T05,7,Snake Weed,203,0.916256157635468,-0.7576766197455731
T05,8,Negatives,1821,0.985172981878089,-0.13913175460953386
T06,0,Chinee Apple,225,0.9282511210762331,-0.20859575754523796
T06,1,Lantana,213,0.9645390070921985,0.4166046719238148
T06,2,Parkinsonia,206,0.9779951100244498,0.2385353926888878
T06,3,Parthenium,204,0.9826302729528535,-0.008577642986251632
T06,4,Prickly Acacia,212,0.9577464788732395,-0.019744636040530672
T06,5,Rubber Vine,202,0.9798994974874372,0.0
T06,6,Siam Weed,215,0.9675925925925927,-0.23843127191855995
T06,7,Snake Weed,203,0.9203980099502488,-0.3434913882674917
T06,8,Negatives,1821,0.9838929838929837,-0.2671315531200591
T07,0,Chinee Apple,225,0.9261744966442953,-0.416258200739017
T07,1,Lantana,213,0.9605568445475637,0.018388417460335482
T07,2,Parkinsonia,206,0.9711538461538461,-0.44559099437148086
T07,3,Parthenium,204,0.9851485148514851,0.2432465468769074
T07,4,Prickly Acacia,212,0.9548693586698338,-0.30745665638109987
T07,5,Rubber Vine,202,0.985,0.5100502512562777
T07,6,Siam Weed,215,0.9702517162471395,0.02748109353611916
T07,7,Snake Weed,203,0.9170731707317072,-0.6759753101216459
T07,8,Negatives,1821,0.982948294829483,-0.36160045947013497
